{"count":1,"gauges":{},"self":3.7869728,"total":3.7979448999999996,"children":{"AgentResetIfDone":{"count":183,"self":0.0029441,"total":0.0029441,"children":null},"AgentSendState":{"count":183,"self":0,"total":0.0020009,"children":{"CollectObservations":{"count":19,"self":0.0020009,"total":0.0020009,"children":null}}},"DecideAction":{"count":183,"self":0.0010278,"total":0.0010278,"children":null},"AcademyStep":{"count":183,"self":0,"total":0,"children":null},"AgentAct":{"count":183,"self":0.0049990999999999994,"total":0.0049990999999999994,"children":null}}}