{"cameraMode":{"drawMode":0,"name":"Shaded","section":"Shading Mode"},"sceneLighting":false,"audioPlay":false,"sceneViewState":{"showFog":true,"showMaterialUpdate":false,"showSkybox":false,"showFlares":true,"showImageEffects":true,"showParticleSystems":true},"in2DMode":false,"pivot":{"x":2.85001540184021,"y":1.4033739566802979,"z":-0.05477607250213623},"rotation":{"x":-0.04838623106479645,"y":0.9501327872276306,"z":-0.24342778325080872,"w":-0.18884369730949403},"size":24.303577423095704,"orthographic":false}